Asset,Weight
GLD,34.99999999999999
AGG,28.93073409944209
QQQ,23.230263929698634
EEM,12.839001970859275
DBC,1.810184672403481e-14
IWM,1.294319325480013e-14
EFA,8.64770465142582e-15
VNQ,7.681240296261991e-15
SPY,0.0
TLT,0.0
